Source,Articles,Year
https://rtnc.cd/nord-kivu-40-presumes-criminels-dont-2-filles-rwandaises-et-un-collaborateur-du-m23-arretes-a-goma/,"Une quarantaine de présumés criminels et 6 armes à feu ont été présentés ce samedi 21 septembre 2024 devant la presse par le maire de Goma le commissaire supérieur principal KAPEND KAMAND Faustin. Parmi eux , sept(7) militaires munis de leurs armes sont arrêtés pour avoir semé terreur en dissipation des munitions et assassinat dans les quartiers de la ville notamment dans le Quartier Ndosho, Kasika , Majengo et dans le village Kiziba I et II , une partie du territoire de nyiragongo. Deux filles rwandaises en situation irrégulière, des civils à mains armées, un collaborateur du M23, une bande de tenanciers des fumoirs de chanvres , les spécialistes des extorsions des biens de la population , étaient parmi les présumés criminels présentés par l’autorité urbaine. Cette présentation a été faite devant le procureur de la République près le tribunal de grande instance de Goma, le magistrat Paluku Kitambala Pascal et l’auditaire militaire garnison de Goma, le capitaine magistrat Djembi Mondondo Michel et plusieurs autres officiers militaires que policiers composant ainsi le comité urbain de sécurité. Le maire de Goma, se félicite du travail abattu par les services de sécurité et salue l’implication de la population qui ne cesse de dénoncer toutes les bandes de criminels en fournissant des vrais renseignements aux éléments de l’ordre pour bien mener des opérations. L’autorité urbaine , a mis sur le champ tous les militaires arrêtés et leurs armes à la disposition de l’auditaire militaire de garnison de Goma , et les civils au procureur de la république près le tribunal de grande instance de Goma afin qu’ils répondent de leurs actes. L’auditaire militaire garnison de Goma, le capitaine magistrat Djembi Mondondo Michel , rassure que la population que la justice fera bien son travail quant au jugement de ces présumés bandits. « Si tout va bien , la semaine prochaine nous pourrons saisir les juges pour pouvoir les déférer afin qu’ils soient condamnés par rapport aux faits qui leur sont reprochés.L’impression serait qu’il y ait l’audience foraine de la tribune afin que la population soit témoin de la répression parce que la juridiction de jugement aura à se prononcer par rapport aux différents dossiers » a rassuré l’auditaire militaire , Djembi Mondondo Michel. Pour les civils déférés au tribunal de grande instance de Goma, le procureur de la République, le magistrat Paluku Kitambala Pascal, rassure également le Maire de Goma, » les criminels vont subir la rigueur de la loi ».Advertisement. Scroll to continue reading.",2024
https://rtnc.cd/nord-kivu-les-gardiens-de-coutume-de-bwisha-alertent-sur-la-nomination-dun-chef-et-ses-collaborateurs-dans-les-entites-controlees-par-les-terroristes-du-m23-rdf/,"Dans une assise tenue ce lundi 30 Septembre 3024 à Goma , les chefs des différents groupements de la chefferie de Bwisha , Territoire de Rutshuru en déplacement à Goma , alertent sur la nomination des dirigeants rebelles au niveau des Chefferie, Groupements et localités. Ces leaders coutumiers déplacés s’indignent également du fait que les terroristes du M23 exigent des taxes illégales aux petits commerçants et agriculteurs des zones occupées et demandent au gouvernement congolais de trouver urgemment une solution palliative à l’insécurité qui prévaut à l’Est de la RDC « Nous, chefs et gardiens de coutume de 7 groupements de la chefferie de Bwisha, sommes en désaccord avec l’installation du chef de chefferie et ses collaborateurs chefs des groupements tous terroristes dans le Bwisha .Nous demandons à la population de ces zones occupées par ces terroristes du M23/RDF de ne pas obéir aux ordres de ces rebelles et que le gouvernement congolais restaure la paix dans toutes les zones occupées par ces hors la loi soutenu par le Rwanda « . Et de poursuivre «Nous rappelons à ces terroristes que les ancêtres de notre chefferie sont aux aguets et qu’ils continueront à veiller pour la protection de nos terres coutumières» ont-ils insisté Il faut dire que le Gouvernement congolais ne ménage aucun effort pour restaurer la paix dans toutes les zones occupées par les terroristes du M23-RDF.",2024
https://rtnc.cd/nord-kivu-les-terroristes-du-m23-pillent-les-materiels-de-la-radio-communautaire-de-mweso/,"Le Directeur Balume Hangi de la radio communautaire de Mweso a alerté ce lundi 23 septembre 2024 sur le pillage des leurs matériels qui étaient cachés dans les enceintes de l’hôpital de référence de Mweso. « Ces rebelles ont emporté un émetteur, un mixeur, des ordinateurs, des micros et dictaphones » a-t-il fait savoir. Ces matériels étaient entreposés dans un endroit sûr de l’hôpital lors de sa fuite vers Goma à l’approche des terroristes de la cité. La société civile ainsi que la population condamnent cet énième acte terroriste causé par ce mouvement en collaboration avec l’armée rwandaise. « Nous demandons à notre gouvernement de prendre des mesures sécuritaires dans les zones menacées par ces terroristes afin de remettre la paix », declarent-ils. Il convient de noter que ces matériels ainsi que les médicaments pillés ne font que renforcer le chaos dans cette zone sous contrôle des terroristes.",2024
https://rtnc.cd/nord-kivu-des-recruteurs-du-m23-arretes-par-les-services-de-securite-a-goma/,"Les services de sécurité en ville de goma ont annoncé , lors de la présentation des dix-sept présumés ce samedi 31 août 2024 , avoir mis la main sur une bande des motards en provenance de la zone ennemis, pour recruter les jeunes gens en ville de Goma afin de renforcer les effectifs de terroristes du M23- RDF. Selon le maire de Goma , le commissaire supérieur Principal Kapend Kamand Faustin, qui a procédé à la présentation de dix-sept présumés criminels et trois armes à feu , ces motards venus de l’agglomération de Bunagana et de kiwanja en territoire de Rutshuru , ont été arrêtés avec leurs motos , par les éléments de l’ordre dans une opération de bouclage ciblé à un petit hôtel communément appelé « vision 20-20 » , situé à Buhene en territoire de nyiragongo non loin du Quartier Majengo. L’autorité urbaine précise que ces collaborateurs de terroristes M23 sont soumis à l’interrogatoire pour en savoir d’autres réalités. « Ces motards étaient ici en train de recruter des jeunes gens pour renforcer les effectifs du M23. Ils sont soumis à une investigation et enquête approfondie » précise le maire de Goma. Dans cette même opération, les éléments de l’ordre ont parmi les présumés criminels arrêté les militaires en divagation , qui ont fui les fronts. Le numéro 1 de la ville, indique que les opérations se poursuivront sans cesse , afin de démanteler tous les réseaux des malfaiteurs. Il invite la population à fournir des bons renseignements aux services de sécurité pour traquer les semeurs d’insécurité dans la ville de goma et ses environs. » Au lieu de faire beaucoup de tapages dans les réseaux sociaux, nous invitons toujours les jeunes de bonnes volontés à nous amener les renseignements. Si nous avons ciblé ce petit hôtel de majengo c’est parce qu’on a eu le renseignement, et on a arrêté et les militaires en divagations qui ont fui les fronts et ceux qui viennent pour recruter. Voilà nous n’allons pas nous fatiguer » a ajouté, le commissaire supérieur principal KAPEND KAMAND Faustin. Pour éviter toute infiltration de l’ennemi, l’autorité urbaine a rappelé aux mouvements citoyens qu’aucune manifestation n’est autorisée lundi 2 septembre 2024 sur l’ensemble de la ville de Goma. Les habitants sont appelés à vaquer librement à leurs occupations habituelles.",2024
https://rtnc.cd/nord-kivu-un-camp-de-transit-erige-par-les-wazalendo-pour-faire-face-aux-terroristes-m23/,"Plus de 500 volontaires pour la défense de la patrie dits Wazalendo ont érigé un camp de transit à Vuhesi dans commune de Kimemi au mont dit Tabora en ville de Butembo, pour venir en appui aux Forces Armées de République Démocratique du Congo. Cette annonce a été faite à l’autorité urbaine , le commissaire Supérieur Principal Mowa Baeki Telly Roger par le coordonnateur des volontaires de la Résistance populaire « VRP » , Assa Paluku Mahamba ce mardi 20 août 2024 à Butembo. L’hôte du maire a saisi cette occasion pour appeler tous ceux qui se disent maï maï ou wazalendo de venir se faire identifier à Vuhesi pour être ensuite évacué vers les lignes de front. Le coordonnateur des VRP Assa Paluku précise que leur mouvement est prêt pour faire la guerre contre les terroristes du M23-RDF , afin de défendre la patrie. « La place d’un vrai muzalendo n’est pas en ville , notre mouvement n’est pas concerné par le cessez-le-feu , il est temps de faire la guerre et récupérer les entités occupées par les terroristes du M23 », a-t-il dit Assa Paluku Mahamba lance un appel aux personnes de bonne volonté à venir assister en vivres et non vivres ces jeunes volontaires qui ont le souci de défendre la patrie.",2024
https://rtnc.cd/nord-kivu-enieme-pillage-des-materiels-du-programme-de-developpement-des-145-territoires-par-les-terroristes-du-m23-a-rutshuru/,"Le conseil territorial de la jeunesse dénonce un autre cas de pillage de matériels destinés à des constructions cadrant avec le Programme de Développement Local des 145 territoires à Rutshuru dans la province du Nord-Kivu, orchestré par les terroristes du M23. Dans son communiqué de presse consulté par la RTNC.CD ce dimanche 18 août 2024, le conseil territorial de la jeunesse de Rutshuru précise qu’après le pillage systématique mené par les terroristes du M23-RDF-AFC en 2023 où ils ont emporté dans plusieurs entrepôts du Programme de Développement Local de 145 Territoires des matériaux de construction tels que des ciments , fers à béton, chaux , du sable , du graviers et d’autres matériels de plusieurs chantiers à Rutshuru, ce dimanche 18 Août 2014 vers 10 heures locales , ils se sont encore introduits dans une agglomération de Rubare , située dans le groupement de Kisigari et ont emporté à leur passage, des matériaux destinés à la construction de l’Ecole Primaire de Rubare dans le cadre du PDL-145T. « Nous avons été alertés par la population de Rubare au sujet du pillage par les terroristes du M23 -RDF-AFC des matériaux destinés à la construction du PDL-145T destinés à la construction de l’ école primaire Rubare ,vers une destination inconnue » indique le communiqué. Selon Patient Twizere Président du Conseil territorial de la Jeunesse » CTJ » Rutshuru en fuite à Goma, avant l’occupation de Rutshuru par les terroristes du M23- RDF-AFC , le Programme de Développement Local des 145 Territoires incarne la vision du Chef de l’État Félix-Antoine Tshisekedi Tshilombo. Celle du développement local, de la création d’emplois aux jeunes et de la création de millionnaires congolais, en mettant l’accent sur la promotion des entrepreneurs locaux. Le PDL-145T à rutshuru était un programme d’infrastructures à haute intensité de main d’œuvre(HIMO) pour réduire le chômage dans la communauté dont 80% des bénéficiaires d’emplois engagés par l’Agence Locale d’Exécution » CODEC », étaient des jeunes. Ce programme contribuait également à rehausser l’économie locale car cette agence locale d’exécution achetait des matériaux et des matériels de construction aux entrepreneurs locaux pour approvisionner les 13 projets du PDL-145T prévus pour le territoire de Rutshuru dont 7 écoles primaires et 6 centres de santé modernes qui devraient être construits dans les chefferies de Bwisha et Bwito , deux chefferies composant le territoire de Rutshuru. Le souhait de la population est que le Gouvernement de la République Démocratique du Congo puisse en finir complètement avec cette guerre à l’Est du pays afin que les territoires actuellement occupés par les terroristes soient reconstruits comme l’entend l’Autorité suprême de la RDC, Félix-Antoine Tshisekedi Tshilombo.",2024
https://rtnc.cd/rdc-les-renforts-materiels-et-humains-du-m23-proviennent-du-rwanda-et-de-louganda-gouvernement/,"C’est à l’issue du 5e Conseil des ministres tenu ce vendredi 12 juillet 2024 que le gouvernement de la République Démocratique du Congo a alerté sur les renforts humains et matériels au profit des terroristes du M23 en provenance notamment de l’Ouganda. Cela, aggravant ainsi la situation sécuritaire déjà préoccupante dans l’est du pays. Cette déclaration a été faite par Guy Kabombo Mwadianvita, vice-premier ministre, ministre de la Défense et ancien combattant, lors de cette réunion hebdomadaire qui réunit les membres du gouvernement autour du Président de la République. « Le recrutement forcé des jeunes dans les territoires de Lubero et Rutshuru par les combattants du M23, appuyés par les Forces de défense rwandaises (RDF), ainsi que les renforcements continus en personnes et en matériels en provenance tant du Rwanda que de l’Ouganda pendant la trêve humanitaire, constituent des préoccupations majeures, » a-t-il déclaré. Dans la foulée, le ministre de la Défense a également réitéré la détermination des Forces armées de la RDC (FARDC) sur le terrain des opérations en vue de pacifier l’ensemble du territoire national.",2024
https://rtnc.cd/emmanuel-macron-le-rwanda-doit-cesser-son-soutien-au-m23-et-retirer-ses-forces-du-sol-de-la-republique-democratique-du-congo/,"Le président Français Emmanuel Macron a appelé le Rwanda à arrêter de soutenir les rebelles du M23 et à retirer ses troupes sur le territoire de la RDC. Il a lancé cet appel au cours d’une conférence de presse conjointe animée ce mardi 30 avril 2024, avec son homologue congolais Felix-Antoine Tshisekedi. « Le Rwanda doit cesser son soutien au M23 et retirer ses forces du sol de la République démocratique du Congo », a déclaré Emmanuel Macron. Répondant à une question de la presse sur le mutisme de la France face à la guerre injuste que subit la RDC depuis plus de trois décennies, le Président Français a affirmé que son pays a plusieurs fois condamné l’agression de la RDC.",2024
https://rtnc.cd/rdc-larmee-dement-les-rumeurs-sur-labandon-des-positions-par-la-monusco-a-sake-au-profit-de-larmee-rwandaise-m23/,"L’armée congolaise dément les rumeurs selon lesquelles la Monusco aurait cédé ses positions à l’armée rwandaise/M23 dans les alentours de la cité de Sake à Rutshuru au Nord-Kivu. «Contrairement aux rumeurs qui circulent faisant état de la Monusco qui aurait cédé une position au M23 dans les hauteurs de Sake, c’est vraiment une fausse rumeur », a déclaré ce mardi 09 mars 2024 le colonel Ndjike Kaiko, porte parole des FARDC au Nord-Kivu. Et de poursuivre : «Vous devez savoir que le souci des FARDC, pour manœuvrer librement, il était question que la Monusco puisse céder cette position pour que nous puissions avoir cette liberté de manœuvre ».",2024
https://rtnc.cd/guerre-dagression-en-rdc-je-vais-discuter-avec-le-rwanda-pour-quil-mexplique-pourquoi-il-continue-a-massacrer-mes-compatriotes-pas-avec-une-coquille-vide-du-m23-felix-tshisekedi/,"Politique La Commission Électorale Nationale Indépendante ( CÉNI) a publié, ce dimanche 14 janvier 2024, les résultats provisoires des élections législatives nationales et provinciales. Ci-dessous...",2024
https://rtnc.cd/guerre-dans-lest-de-la-rdc-au-conseil-de-securite-de-lonu-la-russie-se-dit-preoccupee-par-le-soutien-du-rwanda-au-m23/,"Au cours du conseil de sécurité des Nations-Unies mardi 20 Février 2024 à New-York, la Russie s’est dite préoccupée par la détérioration de la situation sécuritaire dans l’Est de la République démocratique du Congo, avec l’agression des terroristes du M23 soutenus par le Rwanda. Dans sa prise de parole, la représentante de la Fédération de Russie a « appelé urgemment à la réouverture des routes d’approvisionnement de la ville de Goma et exigé des groupes armés illégaux qu’ils déposent les armes et prennent part sans conditions préalables aux programmes de désarmement, démobilisation et réintégration ». Signalons que plusieurs autres membres du Conseil, à l’instar du Japon, ont appelé au respect de l’intégrité territoriale et de la souveraineté de la RDC.",2024
https://rtnc.cd/conseil-de-securite-plusieurs-terroristes-dont-willy-ngoma-de-larmee-rwandaise-m23-sanctionnes-par-les-nations-unies/,Le détail sur ce lien du site de l’ONU https://press.un.org/en/2024/sc15597.doc.htm,2024
https://rtnc.cd/nord-kivu-les-rdf-m23-se-heurtent-a-la-determination-des-fardc-jean-pierre-bemba/,"Jean-Pierre Bemba Gombo, Vice-Premier Ministre, ministre de la Défense nationale et anciens combattants a alerté vendredi 2 février lors de la 123e réunion du conseil des ministres du renforcement de l’effectif des terroristes rwandais du M23 dans une partie du Nord-Kivu. « La coalition terroriste M23/RDF poursuit son renforcement continu en effectif ainsi qu’en matériels pour des incursions et attaques. Elle se heurte à la détermination sans faille de nos forces armées engagées à rétablir la paix et la sécurité et ainsi restaurer l’autorité de l’État », rapporte le compte rendu de la réunion. Dans la partie Ouest du pays, a-t-il poursuivi, « les Forces de défense et de sécurité poursuivent leurs opérations visant à neutraliser l’activisme des insurgés Yaka, dit Mobondo. »",2024
https://rtnc.cd/nord-kivu-des-bombes-tirees-a-laveuglette-par-larmee-rwandaise-m23-ont-cause-la-mort-de-19-civils-congolais-et-27-blesses-a-mweso-fardc/,"Politique La Commission Électorale Nationale Indépendante ( CÉNI) a publié, ce dimanche 14 janvier 2024, les résultats provisoires des élections législatives nationales et provinciales. Ci-dessous...",2024
https://rtnc.cd/rdc-une-bombe-larguee-par-larmee-rwandaise-m23-fait-un-mort-et-deux-blesses-a-goma/,"L’armée rwandaise/M23 a largué une bombe ce vendredi 2 février 2024 au quartier Mugunga, situé à l’ouest de la ville de Goma (Nord-Kivu). A en croire l’agence congolaise de presse qui cite le lieutenant-colonel Guillaume Ndjike, porte-parole de l’armée dans la région, le bilan provisoire jusqu’ici est d’un mort et deux blessés. Nous y reviendrons",2024
https://rtnc.cd/agression-rwandaise-paul-kagame-est-le-veritable-chef-terroriste-m23-tshisekedi/,"Le président Tshisekedi a pour la énième fois accusé son homologue Rwandais, Paul Kagame d’être le « Boss » des terroristes M23 qui sèment la terreur et la désolation dans la province du Nord Kivu, ( RDC). Au cours d’une interview exclusive accordée ce jeudi 16 novembre 2023 aux médias français France 24 et RFI, le chef de l’État Félix Tshisekedi a déploré les dégâts humains et matériels causés par ces forces négatives appuyées par Kigali pour déstabiliser la partie Est de la République Démocratique du Congo, et surtout la « latitude » de la communauté internationale face à cette agression. Ainsi, il a annoncé que l’État congolais va utiliser ses moyens pour se défendre et défendre son territoire national.",2023
https://rtnc.cd/coupure-delectricite-a-goma-suite-aux-affrontements-entre-fardc-et-m23-a-kibumba-virunga-energy-a-retabli-le-courant-a-travers-une-de-ses-ligne-moyennes-tensions-communique/,Coupure d’électricité à Goma suite aux affrontements entre FARDC et M23 à Kibumba : Virunga Energy a rétabli le courant à travers une de ses ligne moyennes tensions ( communiqué),2023
https://rtnc.cd/coupure-delectricite-a-goma-les-fardc-accusent-larmee-rwandaise-sous-couvert-du-m23-davoir-attaque-les-lignes-electriques-moyenne-tension-de-la-societe-virunga-energies-communique/,Coupure d’électricité à Goma : Les FARDC accusent l’armée rwandaise sous couvert du M23 d’avoir attaqué les lignes électriques moyenne tension de la société Virunga Energies ( Communiqué),2023
https://rtnc.cd/agression-rwandaise-les-fardc-et-la-monusco-lancent-loperation-spingbok-contre-lavancee-du-m23/,"Les FARDC et la Monusco ont mutualisé leurs forces à travers l’opération « spingbok », lancée, vendredi 03 novembre 2023 contre les attaques des terroristes M23 soutenus par le Rwanda, ( RDF), dans la ville de Goma et saké. Le général Otavio Rodrigues de Miranda Filho, commandant de la force de la Monusco a déclaré que « les offensives du M23 depuis début octobre laissent craindre de potentielles attaques sur les deux principales villes de la province Goma et Saké ». Ainsi, l’opération Springbok est créée pour contrer les rebelles, une approche défensive, au cas où des groupes armés attaquent les deux grandes du Nord Kivu notamment Saké ou Goma. « Nous changerons notre approche d’une posture défensive à une posture offensive » a indiqué le général de Miranda Filho. Rappelons que cette opération conjointe » spingbok » est lancée au moment où la RDC et la Monusco sont convenus du retrait de la mission Onusienne sur Sol Congolais à partir de décembre prochain. Le conseil de sécurité de l’ONU a déjà donné son approbation à la requête du gouvernement congolais demandant ainsi au deux parties de présenter un plan de retrait le plus tôt possible. La reprise du déploiement des troupes onusienne dans les zones en conflit dans l’Est de la RDC se justifie par » les violents affrontements concentrés dans le parc national des Virunga pendant que les M23 se dirigent vers le sud du Nord-Kivu et la ville de Saké, dernier rempart avant Goma. Côté gouvernement de la RDC, l’on estime que la décision est réfléchie. « Il est important que nous puissions donner une réussite à ces opérations conjointes » déclare le gouverneur militaire.",2023
https://rtnc.cd/guerre-dans-lest-de-la-rdc-les-usa-demandent-a-paul-kagame-dhonorer-les-engagements-pris-a-luanda-en-mettant-fin-au-soutien-du-rwanda-au-m23/,"Le secrétaire d’État américain, Antony Blinken a indiqué, ce lundi 5 décembre 2022, qu’il a eu une « conversation productive » avec le président rwandais Paul Kagame, accusé par le gouvernement congolais et des experts des Nations-Unies, de soutenir le mouvement terroriste M23 qui occupe des espaces en République démocratique du Congo depuis des mois maintenant. Selon lui, les États-Unis attendent du régime rwandais le retrait de tout soutien aux rebelles du M23 (Mouvement du 23 Mars) «J’ai eu une conversation productive avec le président rwandais Paul Kagame pour souligner le besoin de paix et de sécurité dans l’Est de la RDC. Les États-Unis exhortent le Rwanda à honorer les engagements pris à Luanda, notamment en mettant fin au soutien du Rwanda au M23 », écrit t-il sur son compte Twitter Il sied de signaler que la résolution de cessez-le-feu reprise dans le communiqué final du mini sommet de Luanda sur la situation dans l’Est de la RDC n’est pas toujours respectée par l’armée rwandaise sous étiquettes du M23. Il y’a quelques jours, plus de 120 personnes, dont 17 enfants, ont été tuées par les terroristes rwandais lors du massacre du 29 novembre dans la localité de Kishishe. La rédaction",2022
https://rtnc.cd/sadc-le-president-tshisekedi-exige-le-retrait-immediat-et-sans-conditions-des-troupes-rwandaises-et-du-m23-sur-le-sol-congolais/,"Le président de la République Félix Antoine Tshisekedi, Invité d’honneur à la cérémonie d’ouverture des travaux de la 52e Assemblée plénière du Forum Parlementaire de la SADC, a exigé, ce lundi 5 décembre 2022, dans la salle de Congrès du Palais du Peuple, le retrait immédiat et sans conditions des troupes rwandaises et du M23 du territoire congolais. « Nous ne cesserons d’exiger le retrait immédiat et sans conditions des troupes rwandaises et du M23 du territoire congolais », a clamé, le Chef de l’Etat congolais avant de saluer le soutien dont bénéficie la République démocratique du Congo de la part des pays frères d’Afrique et particulièrement de la SADC. À en croire, une dépêche de la presse présidentielle parvenue à la rédaction de RTNC. CD, le président de la République, Félix-Antoine Tshisekedi Tshilombo, a, dans son discours, qualifié ce forum de « lieu de réflexion et de formulation par excellence de la volonté de nos peuples ». En sa qualité de Président en exercice de cette organisation sous régionale, et eu égard aux prérogatives qui en découlent, il a assuré les parlementaires de la SADC de son soutien et de son accompagnement dans le processus de mutation du Forum Parlementaire de la SADC en un Parlement sous régional. Évoquant la thématique des travaux, le Chef de l’État a indiqué que celle-ci tombe à point nommé au regard de la situation sécuritaire qui prévaut actuellement dans l’Est de la RDC en raison de la prolifération des groupes armés, citant nommément le Rwanda avec son bras séculier, le M23, auteurs des massacres et actions odieuses constitutifs de crimes de guerre et de crimes contre l’humanité. Félix Antoine Tshisekedi Tshilombo a émis le vœu voir les travaux de Kinshasa sanctionnés par le renouvellement du soutien de la SADC, assorti des réelles pistes de solutions, pour prévenir ces genres de conflits dans d’autres pays de la sous-région et du continent. Rappelons que l’allocution du Chef de l’Etat a été précédée du mot de la bienvenue de la part du Président en exercice du Forum Parlementaire de la SADC, l’honorable Mboso Nkodia, qui a appelé les États membres à venir à la rescousse de la RDC. Les pays membres de la SADC ont 7 jours pour réfléchir sur la thématique : « Le rôle du Parlement dans le renforcement des cadres législatifs pour la paix et la sécurité dans la région de la SADC ». Les parlementaires, députés et sénateurs des différents États membres de la SADC vont favoriser une réflexion plus large et profonde autour des enjeux de l’intégration et de la coopération régionale. La rédaction",2022
https://rtnc.cd/patrick-muyaya-le-m23-ne-participe-pas-aux-discussions-de-nairobi-tant-quil-na-pas-evacue-les-localites-occupees-conformement-a-ce-qui-a-ete-decide-a-luanda/,"L’appel patriotique du Président de la République, Félix-Antoine Tshisekedi Tshilombo, aux 200 délégués des groupes armés réunis à Nairobi pour le 3ème round des négociations politiques, a été vulgarisé, lundi, au cours du briefing hebdomadaire du gouvernement co-animé par la vice-Première ministre, ministre de l’Environnement et développement durable, Eve Bazaiba et Patrck Muyaya, ministre de la Communication et médias. «Souvenez-vous de combien des tables rondes, des conférences nationales organisées, combien d’accords signés… il est temps pour chacun de nous de s’engager pour le développement de notre pays qu’aucun individu ne peut faire seul », a dit le Chef de l’Etat Selon le porte parole du gouvernement Patrick Muyaya , aucun délégué du M23 ne doit prendre part à ces assises tant que les résolutions de Luanda ne sont pas respectées. «Qu’aujourd’hui s’est ouvert le début des discussions avec les groupes armés à Nairobi sous l’égide du président Ndayishimiye du Burundi, suivant le programme tracé au terme du communiqué de Luanda. Pour nous, le M23 ne participe pas aux discussions de Nairobi tant qu’il n’a pas évacué les localités occupées conformément à ce qui a été décidé à Luanda» a dit le ministre de la communication et médias. Et de noter : «Depuis la signature de l’accord de Luanda, on note une relative accalmie sur toute la ligne de front malgré quelques mouvements dans la partie occupée par le M23, nous continuons de suivre la situation » Par la même occasion, Patrick Muyaya a, au nom de l’exécutif national, salué les efforts diplomatiques déployés par le Président de la République en vue de restaurer la paix et la sécurité dans l’Est du pays. La rédaction",2022
https://rtnc.cd/agression-rwandaise-le-mini-sommet-de-luanda-exige-la-cessation-de-tout-soutien-politico-militaire-au-m23/,"Le mini-sommet sur la paix et la sécurité dans la région Est de la République Démocratique du Congo, réunissant 3 chefs d’Etats de la CAE sous la conduite du Président Angolais Joâo Lourenço a débouché sur un accord de cessez-le-feu imposé au groupe terroriste M23, à dater du vendredi 25 novembre à 18 H. L’accord exige aussi que le M23 se retire des zones occupées en RDC à dater du 27 novembre. L’accord signé par les 5 participants au mini-sommet dont 3 chefs d’État en exercice comprend un calendrier précis de mesures contraignantes pour rétablir la paix et la sécurité à l’Est de la RDC avec notamment le désarmement et le cantonnement des éléments du M23 sous le contrôle des FARDC, de la Force régionale de la CAE, du mécanisme de vérification ad hoc et de la MONUSCO. Le communiqué final du mini sommet de Luanda précise ainsi : « L’intervention de la Force Régionale contre le M23 , conformément aux prescrits du Processus de Nairobi et au rapport de la réunion des Chefs d’Etat -majors de la CAE , qui s’est tenue à Bujumbura, le 8 novembre 2022 , en cas de refus du M23 de cesser les hostilités et de se retirer des territoires occupés « . Ce mini sommet a aussi exigé la cessation de tout soutien politico-militaire au M23 et à tous les autres groupes armés locaux et étrangers opérant à l’EST de la RDC et dans la région. Enfin, le communiqué final stipule la poursuite d’une coordination permanente à tous les niveaux entre le Processus de Luanda et le processus de Nairobi. Les Chefs d’Etat ont convenu de se retrouver prochainement à Bujumbura pour l’évaluation de l’application des conclusions des résolutions et recommandations du mini sommet de Luanda. La rédaction",2022
https://rtnc.cd/mini-sommet-de-luanda-le-m23-somme-de-quitter-les-positions-occupees-au-nord-kivu-faute-de-quoi-la-force-militaire-regionale-va-simposer-communique-final/,"Il s’est tenu ce mercredi 23 novembre 2022 un mini sommet, à Luanda en Angola , sur la paix en RDC, rapporte une dépêche de la presse présidentielle parvenue à RTNC.CD. Cette rencontre « de haut niveau » a réuni les présidents Félix Antoine Tshisekedi Tshilombode la RDC, Evariste Ndayishimiye du Burundi, le Facilitateur Uhuru Kenyatta qui ont fait le déplacement sous l’invitation du président Angolais João Lourenço. Le Président du Rwanda Paul Kagame pourtant annoncé , s’est fait représenter par son ministre des Affaires Étrangères Vincent Biruta. Chaque Chef de délégation était accompagné de 5 membres à cette réunion à huis clos. A l’issue de cette rencontre un communiqué final a été signé par toute les parties , dans lequel plusieurs résolutions ont été arrêtées : a) La Cessation des hostilités en général, et en particulier des attaques du M23 contre les FARDC et la MONUSCO à partir du vendredi 25 novembre 2022 à 18h00 (Jour J) ; b) le respect total des exigences des communiqués des conclaves des chefs d’État de l’EAC du 21 avril et du 20 juin 2022 (processus de Nairobi), de la feuille de route de Luanda du 6 juillet 2022 (processus de Luanda) et des conclusions de l’Assemblée extraordinaire Réunion des chefs d’état-major général des forces armées de l’EAC (Bujumbura, 8 novembre 2022) ; c) La poursuite du déploiement complet de la Force régionale de l’EAC ; d) le retrait du M23 des zones occupées et retour à ses positions initiales à Sabinio côté RDC, sous le contrôle des FARDC, de la Force Régionale et du Mécanisme Ad Hoc en collaboration avec la MONUSCO (J+2) ; e) la création d’une zone tampon avec l’appui de la MONUSCO, du Mécanisme de vérification ad hoc et de la Force régionale de l’EAC, comme prévu dans le cadre de la réunion des chefs d’état-major général de l’EAC tenue à Bujumbura, le 8 novembre 2022 (jour J +2); f) La cessation de tout soutien politico-militaire au M23 et à tous les autres groupes armés locaux et étrangers opérant dans l’Est de la RDC et la Région (Jour J) ; g) Les FDLR-FOCA, RED-TAMARA, ADF et les autres groupes armés opérant sur le territoire congolais doivent immédiatement déposer les armes et entamer leur rapatriement inconditionnel conformément aux termes du Processus de Nairobi, avec le soutien de la MONUSCO, du Mécanisme ad hoc de vérification et du Force Régionale EAC (Jour J+5) ;Advertisement. Scroll to continue reading. h) Le désarmement et cantonnement du M23 en territoire congolais sous contrôle des FARDC, de la Force Régionale et du Mécanisme Ad Hoc de Vérification, avec la collaboration de la MONUSCO (Jour J+5) ; i) Le retour des Personnes Déplacées Internes (PDI) dans leurs foyers (J+7) ; j) la reprise et poursuite des consultations politiques entre le Gouvernement de la RDC et les groupes armés locaux (J+10) ; k) La reprise du dialogue bilatéral entre la RDC et le Rwanda en vue de la normalisation des relations diplomatiques et de la reprise de la coopération (J+60) ; l) l’engagement des parties à la mise en œuvre de la feuille de route de Luanda et des accords conclus lors du processus de Nairobi et de la réunion des chefs d’état-major de la CAE ; m) l’ examen et résolution de la question du retour de tous les réfugiés dans leur pays d’origine, telle qu’évoquée dans la Feuille de route de Luanda et (J+15) ; n)la poursuite des réunions de coordination à tous les niveaux entre le Processus de Luanda et le Processus de Nairobi ; o) la création du Mécanisme conjoint de suivi et d’évaluation de la mise en œuvre de la Feuille de route de Luanda et des décisions des initiatives entreprises dans le cadre du Processus de Nairobi. p. Les chefs d’État ont demandé que les FARDC, la Force régionale et les chefs d’état-major général (CGS) de la Force régionale EAC, en collaboration avec la MONUSCO, étudient toutes les questions liées au désarmement et au cantonnement des éléments du M23 et leur soumettent des propositions à leur prochain mini-sommet;Advertisement. Scroll to continue reading. Q. Les Chefs d’Etat ont recommandé l’accélération de la mise en œuvre du Programme de Désarmement, Démobilisation, Réinsertion Communautaire et Stabilisation (PDDR-CS) en cours en RDC et ont exprimé leur profonde préoccupation quant aux conditions dans lesquelles vivent des centaines de milliers de déplacés en RDC. zones touchées par la guerre dans la province du Nord-Kivu. R. Les Chefs d’Etat sont convenus de se retrouver prochainement à Bujumbura pour évaluer la mise en œuvre des conclusions des résolutions et recommandations du Mini-Sommet de Luanda; t. Enfin, les chefs d’État ont remercié Son Excellence João Manuel Gonçalves Lourenço , Président de la République d’Angola, Champion de l’Union africaine pour la paix et la réconciliation en Afrique et Médiateur désigné par l’Assemblée de l’Union africaine, pour l’accueil fraternel et l’hospitalité qu’il a réservé à eux ainsi que son implication active dans la résolution de la crise sécuritaire dans la région de l’Est de la RDC.",2022
https://rtnc.cd/soutien-du-rwanda-au-m23-felix-tshisekedi-en-tete-a-tete-ce-lundi-avec-son-homologue-kenyan-ruto/,"Le Président du Kenya William Ruto est arrivé dimanche à Kinshasa, la capitale congolaise, pour rencontrer son homologue congolais Félix-Antoine Tshisekedi Tshilombo ce lundi 21 novembre 2022 , en vue de trouver une sortie de crise entre la RDC et le Rwanda. Il s’agit d’une rencontre dite aussi de la coopération bilatérale », précise les services de communication de la Présidence congolaise. Il sied de rappeler que La RDC et Rwanda ont été à nouveau plongés dans une crise depuis plus d’un mois. l’État congolais accuse son voisin, le Rwanda, de soutenir l’activisme du M23 à la partie Est du pays. Une dénonciation qui est approuvée par les experts de l’ONU et plusieurs acteurs internationaux et nationaux . La rédaction",2022
https://rtnc.cd/agression-rwandaise-kagame-se-dit-pret-a-exhorter-le-m23-pour-un-retrait-immediat-des-territoires-conquis-en-rdc-communique-eac/,"L’ancien président kényan, facilitateur désigné de la Communauté d’Afrique de l’Est dans le processus de Nairobi pour la paix et la sécurité à l’est de la République démocratique du Congo, reste déterminé à trouver une solution à la crise qui sévit entre Kinshasa et Kigali à la suite de l’incursion des militaires rwandais sur le sol congolais. Uhuru Kenyatta a parlé au secrétaire général des Nations-Unies ainsi qu’à certains chefs d’Etat sous-régionaux dont Félix Tshisekedi de la RDC, Evariste Ndayishimiye du Burundi et Paul Kagame du Rwanda. Avec le président rwandais, le facilitateur a évoqué les conditions humanitaires déplorables que traversent des populations du Nord-Kivu suite aux affrontements entre l’armée congolaise et le M23. A travers un communiqué rendu public ce vendredi 18 novembre 2022 dont une copie est consultée par RTNC.CD, la Communauté d’Afrique de l’Est indique que les 2 personnalités ont reconnu la nécessité pour les forces de l’EAC de sécuriser les zones contrôlées par le M23 afin d’y assurer la sécurité et la stabilité. A l’occasion, Paul Kagame a accepté d’aider Uhuru Kenyatta à obtenir le cessez-le-feu et le retrait du M23 des positions conquises. « Le facilitateur de l’EAC a informé le président Kagame de son voyage à Goma et de la situation époustouflante dont il a été témoin dans le camp des déplacés internes. Ils sont d’accord sur la nécessité de mettre en oeuvre et d’adopter les recommandations des chefs de défense de l’EAC et en particulier la nécessité pour la force régionale de prendre immédiatement en charge et de sécuriser les zones récemment capturées par le M23 et assurer la paix, la stabilité et la sécurité des civils dans la région. Le président Kenyatta en discussion avec le président Kagame, a convenu de la nécessité d’un cessez-le-feu immédiat et le président Kagame a également accepté d’aider le facilitateur à exhorter le M23 à cesser le feu et à se retirer des territoires capturés », rapporte ce document Il sied de rappeler que le dimanche dernier, Uhuru Kenyatta a séjourné en République démocratique du Congo en prélude de nouveaux pourparlers entre le gouvernement congolais et les groupes armés. A Kinshasa et à Goma, le facilitateur sous-régional a rencontré des acteurs politiques et sociaux autour de cette question. Au Nord-Kivu où il a séjourné le mardi 15 novembre dernier, Kenyatta a visité le camp des déplacés de Kanyarucinya où il a déploré la situation humanitaire causée par les affrontements, appelant ainsi à un cessez-le-feu. La rédaction",2022
https://rtnc.cd/guerre-dans-lest-de-la-rdc-il-y-a-des-preuves-qui-attestent-que-cest-le-rwanda-qui-soutient-le-m23-jaynet-kabila/,"La députée nationale, Jaynet Désirée Kabila Kyungu, sœur jumelle de l’ancien président de la République démocratique du Congo, Joseph Kabila Kabange, accuse la République du Rwanda de soutenir les groupes armés qui menacent la sécurité de la République Démocratique du Congo et la sous-région. Analysant la situation sécuritaire en Afrique du Sud où elle participe aux travaux interparlementaires, l’élue de Kalemie, chef-lieu de la province de Tanganyika, s’est dite étonnée de voir le même M23 rebondir militairement, alors qu’il a été totalement défait en 2013. « En 2013, les M23 dont nous parlons aujourd’hui a été défait par l’armée congolaise, les forces armées de la République démocratique du Congo. Et toutes ces années, ils ont même écrit. Ils ont signé un communiqué pour dire qu’il n’y aura plus de guerre et vont participer dans les efforts de paix et politiques dans leur pays. Mais chose étonnante, aujourd’hui nous parlons du M23 qui n’existait plus il y a 8 ans. Et nous avons des rapports des Nations unies. Il y a des preuves que c’est notre voisin le Rwanda qui soutient les rebellions, cette rébellion du M23 », a-t-elle déclarée. Jaynet Kabila pense que le problème congolais, au-delà de la présence des autres groupes armés actifs sur son territoire, reste le soutien rwandais au M23. «Oui nous avons 120 groupes armés mais ce n’est pas ça le problème. Le plus grand problème c’est le M23 qui est soutenu par le Rwanda. Nous sommes condamnés à vivre ensemble, mais nous soutenons les efforts de la paix. J’ai une proposition : vu que les FDLR sont des rwandais, le Rwanda devrait faire un effort pour dialoguer avec eux parce que ce sont des rwandais, même s’ils sont sur notre territoire », préconise la députée sœur de Kabila. Depuis le début de cette énième agression du Rwanda contre la RDC, la plus part d’interventions des opérateurs politiques congolais, si pas toutes abondent dans le même sens. Ils tiennent à condamner le Rwanda et à appeler le peuple congolais à la vigilance et à la mobilisation générale. La Rédaction Pages : 1 2",2022
https://rtnc.cd/affaire-m23-500-jeunes-recrutes-par-kigali-pour-agresser-la-rdc-alerte-lopposante-rwandaise-justine-habimana/,"Dans un message publié mercredi, 9 novembre 2022 dans la soirée, à travers le réseau social tweeter, consulté par RTNC.CD, l’opposante rwandaise, Justine Habimana dénonce le récrutement par Kigali de 500 jeunes pour renforcer les troupes rwandaises qui agressent la République Démocratique du Congo. « Près de 500 jeunes, sans motivation, sont capturés pour agresser la RDC » a t-elle dénoncé depuis son compte tweeter. Hibimana indique également que la psychose de peur régne côté population rwandaise depuis que les forces armées de la République démocratique du Congo ont passé à la vitesse supérieure avec des frappes aériennes. La rédaction",2022
https://rtnc.cd/guerre-dans-lest-de-la-rdc-leac-appelle-a-la-reprise-du-dialogue-et-la-reintegration-du-m23-a-ce-processus/,"Après des consultations avec le Président en exercice de l’EAC Evariste Ndayishimiye du Burundi le vendredi, 4 novembre2022 , le facilitateur Uhuru Kenyatta s’est engagé à accélérer le processus de paix en RDC, renseigne une dépêche de la présidence de l’EAC consultée par RTNC.CD. La prochaine session de dialogue entre les parties au conflit en RDC est fixée au 15 novembre 2022 , selon la source. Evariste Ndayishimiye s’est réjouit que les Chefs d’Etat de la Communauté Est Africaine sont tous unanimes pour le rétablissement de la paix en RDC et les appelle à maintenir la paix chacun dans son pays afin de bloquer le passage aux groupes armés qui voudraient perturber la paix et la sécurité dans la région. Etant donné que les groupes armés qui créent la terreur et la désolation en RDC disent qu’ils combattent pour les intérêts de leurs communautés, le Président en exercice de l’EAC exhorte les leaders coutumiers à s’impliquer dans le dialogue afin d’apporter leur contribution au rétablissement de la paix en RDC. Il a, en outre, exprimé sa gratitude aux pays membres de l’EAC qui ont déjà répondu à la sollicitation d’envoyer les militaires en mission de paix en RDC en se réjouissant que le peuple de la communauté éprouve une grande confiance en ces troupes. « Nous remercions le Président du Kenya, Son Excellence William Ruto qui vient dernièrement d’envoyer les militaires », a laissé entendre le Président du Sommet des Chefs d’Etat avant d’annoncer qu’il va rehausser de sa présence la session prochaine de dialogue entre les parties prenantes au conflit en RDC qui se tiendra au Kenya. Prenant la parole, le Facilitateur Uhuru Kenyatta a salué les efforts du Président Burundais à restaurer la paix à l’Est de la RDC et a remercié le Burundi pour avoir été le premier pays à envoyer les troupes en mission de paix en RDC. « Nous apprécions le travail abattu par les forces Burundais à l’Est de la RDC, mais malheureusement un autre conflit vient récemment d’éclater au Nord-Kivu. Nous demandons au Kenya et à l’Ouganda de déployer les forces à leur tour en vue de soutenir le Burundi » a indiqué l’Ancien Président Kenyan qui a tenu à saluer le combat du Président Ndayishimiye et du peuple Burundais pour rétablir la paix dans leur pays en laissant de côté leurs différences. Il a ainsi invité le peuple Congolais à suivre cet exemple. De son côté, le Facilitateur Kenyatta a réaffirmé son engagement à accélérer le processus de médiation quitte à atteindre un consensus entre les parties prenantes au conflit afin d’asseoir la paix et la stabilité en RDC. Vous saurez que cette rencontre survient au lendemain du message à la Nation délivré Par le président de la République Démocratique du Congo à travers lequel il a lancé un appel général au peuple congolais à unir leurs forces pour rétablir la paix et la sécurité dans leur pays.Advertisement. Scroll to continue reading.",2022
https://rtnc.cd/soutien-du-rwanda-au-m23-le-gouvernement-de-la-rdc-salue-la-position-des-usa-contre-kigali/,"Le gouvernement de la République Démocratique du Congo a, par truchement de son porte-parole, le ministre de la Communication et Médias, Patrick Muyaya Katembwe, salué la position clairement exprimée par les États-Unis d’Amérique au conseil de sécurité des Nations unies. Le pays de Joe Baden a appelé le Rwanda à cesser de soutenir la rébellion du M23. Dans un message publié sur son compte twitter, jeudi 27 octobre 2022, Patrick Muyaya pense que d’autres pays devraient suivre ce pas, afin de mettre fin à cette entreprise belliqueuse de Kigali. «Nous saluons la position claire du gouvernement américain contre le soutien que le Rwanda apporte au M23. Les autres pays devraient emboîter le pas et œuvrer pour mettre fin à cette barbarie qui cause la mort et le déplacement massif de nos populations », dit le ministre de la communication et médias Il sied de rappeler que dans son intervention lors de la réunion du Conseil de sécurité de l’ONU sur la région des Grands Lacs, Robert Wood, Représentant alternatif pour les Affaires politiques spéciales au sein de la Mission des États-Unis auprès des Nations unies, a vivement dénoncé le soutien du Rwanda dans la résurgence du M23. «Ces violences sont inacceptables, et les États-Unis exigent des groupes armés qu’ils mettent fin à leurs attaques contre les populations les plus vulnérables de la RDC. Nous appelons également les acteurs étatiques à cesser de soutenir ces groupes, notamment l’aide apportée par les Forces de défense rwandaises au M23 » a t-il déclaré Pour rappel, lors de son récent séjour à Londres, le président Félix-Antoine Tshisekedi Tshilombo avait interpellé la communauté internationale face à cette situation sécuritaire dans l’Est du pays créée par Paul Kagame et son gouvernement pour déstabiliser pays ; avant de marteler que l’option militaire n’est pas écartée, en cas d’échec d’une solution diplomatique.Advertisement. Scroll to continue reading. La rédaction",2022
https://rtnc.cd/combats-fardc-terroristes-rwandais-m23-larmee-loyaliste-appelle-les-journalistes-au-sens-de-responsabilite/,"Les Forces Armées de la République Démocratique du Congo (FARDC) appellent les professionnels des médias au sens de responsabilité dans le traitement et la publication des informations « allant dans le sens de décourager l’armée loyaliste » pendant cette période où le pays fait face à l’agression rwandaise. A travers un communiqué transmis aux responsables des médias du Nord-Kivu mercredi 26 octobre 2022, le général major Sylvain Ekenge « met en garde toute personne qui diffusera des nouvelles injustes et fakenews dans un seul but de nuire la République » Pour conclure, il rappelle qu’en cette période de crise sécuritaire, « le rôle des médias est d’accompagner les militaires FARDC dans la lutte contre l’agression rebelle». La rédaction",2022
https://rtnc.cd/combats-a-rutshuru-entre-les-fardc-et-les-terroristes-rwandais-m23-larmee-reguliere-rassure-que-la-situation-est-sous-controle-sur-tous-les-fronts-communique/,"Quelques localités du territoire de Rutshuru qui ont été attaquées depuis le jeudi 20 octobre 2022 par les terroristes rwandais (M23) sont « sous contrôle des Forces armées de la RDC et de la Police nationale congolaise », rapporte le porte parole des FARDC via un communiqué parvenu ce dimanche à RTNC.CD . A en croire le général de brigade Sylvain Ekenge, les Forces armées sont déterminées à « répondre avec vigueur à ces attaques, de défendre l’intégrité du territoire et de protéger la population jusqu’au sacrifice suprême » (Ci-dessous le communiqué)",2022
https://rtnc.cd/rdc-le-general-yav-est-accuse-davoir-complote-avec-le-rwanda-pour-faciliter-la-prise-de-goma-par-le-m23-felix-tshisekedi/,"Se confiant le vendredi à RFI et France 24 depuis New York, le président Tshisekedi est revenu sur l’arrestation et la détention du général Philémon Yav à la prison centrale de Makala. A en croire le chef de l’État congolais, les soupçons de complot contre la République pèsent sur le commandant de la 3e zone de défense. Selon la même source , le lieutenant-général est accusé d’avoir des connivences avec le Rwanda pour faciliter la prise de Goma, chef-lieu du Nord-Kivu, par les M23. «J’ai cru comprendre qu’il était accusé par certains de ses collègues de les avoir contactés au nom du Rwanda pour qu’ils puissent lever le pied et permettre au M23 de passer aisément et de prendre la ville de Goma. Mais, les enquêteurs sont à pied d’œuvre pour le moment », a déclenché Félix Tshisekedi à RFI et France 24. Toutes fois , le président de la République a annoncé que les enquêtes sont encore en cours. La rédaction",2022
https://rtnc.cd/affaire-m23-le-president-tshisekedi-charge-le-rwanda-du-haut-de-la-tribune-de-lonu-a-new-york/,"Le président de la République, Félix-Antoine Tshisekedi a fustigé, du haut de la tribune de l’ONU à New York, l’agression rwandaise sous couvert de M23, dont la République démocratique du Congo est victime, rapporte une dépêche de la presse présidentielle parvenue ce mercredi 21 septembre 2022 à RTNC.CD. Le Chef de l’Etat congolais a présenté, au cours de la 77 e session ordinaire de l’assemblée générale de l’ONU mardi 20 septembre, les éléments probants attestant l’agression rwandaise dans la partie Est de son pays, en dépit de la présence des forces de la Monusco. « Le mal ronge toujours le pays malgré la présence militaire massive de la Monusco et son soutien diplomatique pendant 23 ans. Malgré ma bonne volonté et la main tendue du Peuple congolais pour la paix, certains de nos voisins n’ont trouvé mieux que nous remercier par l’agression et le soutien à des groupes armés terroristes qui écument l’Est de la RDC » clamait le président de la République qui a cité le Rwanda comme pays agresseur par l’entremise du mouvement de 23 mars, ( M23), auquel il apporte un soutien tant en matériels de guerre qu’en hommes de troupes. Et d’ajouter : « Nous, Peuple congolais, sommes décidés, cette fois-ci, de mettre fin à l’insécurité à l’Est de notre pays, quoi qu’il en coûte. L’heure a sonné de casser à jamais le cycle infernal de violences à l’Est de la RDC pour stabiliser la Région des Grands Lacs. (…) » S’agissant du prétexte dont s’est toujours servi le Rwanda pour justifier ses incursions armées en RDC, à savoir, la présence des FDLR sur le sol congolais, le président Félix Tshisekedi l’a balayé d’un revers de main, le considérant comme un, » alibi qui ne corrobore aucun fait avéré sur le terrain »; d’autant plus que les FDLR ont été réduites à néant par les FARDC, en étroite collaboration avec l’Armée rwandaise dans le cadre des opérations conjointes menées au cours de ces dernières années. Dans la foulée, le président tshisekedi a fait part de la disponibilité de son pays à mener toute action répressive contre tout groupe armé qui tenterait de troubler la paix et la sécurité dans un pays voisin et dans la région des Grands Lacs. « L’ONU doit rendre effectif le retrait immédiat du M23 des localités occupées, et veiller à la cessation sans condition du soutien de l’armée rwandaise à ce groupe terroriste, selon l’esprit et la lettre de la feuille de route de Luanda approuvée par la RDC et le Rwanda, ainsi que d’autres accords y relatifs ; l’ONU devrait aussi s’employer à lever tout obstacle à la restructuration par la RDC de ses Forces Armées et à la montée en puissance pour mieux remplir ses missions régaliennes, la levée pure et simple de toutes les mesures restrictives de l’acquisition des équipements militaires, quelle qu’en soit la forme édictée par le Conseil de sécurité de l’ONU ». Du point de vue régional, Félix Tshisekedi a appelé à la levée immédiate des sanctions contre la République du Zimbabwe et son Peuple. Il a également évoqué les atouts dont dispose la RDC, un des principaux producteurs des minerais stratégiques essentiels à la transition énergétique, à titre de contribution à la mobilisation des alternatives crédibles à la double crise énergétique et écologique. Il sied de signaler que c’est pour la deuxième fois que le président congolais hausse le ton du haut de la tribune de l’ONU, pour les sanctions imposées au Zimbabwe depuis plus de 20 ans par les USA et l’Union européenne.Advertisement. Scroll to continue reading. (Ci-dessous le discours en entier) 77è Assemblée Générale des Nations Unies il",2022
https://rtnc.cd/rdc-la-derniere-attaque-de-la-coalition-armee-rwandaise-m23-a-rangira-debattue-au-conseil-des-ministres/,"Intervenant le vendredi 26 août 2022 au conseil des ministres par visioconférence, le vice-ministre de l’Intérieur, sécurité́, décentralisation et affaires coutumières a, au nom de son titulaire, informé le gouvernement de l’état du territoire qui reste dominé par la poursuite des Operations militaires contre les groupes terroristes et autres forces négatives, notamment en Ituri et au Nord-Kivu. Il a également signalé au conseil quelques cas de catastrophe naturelle intervenue dans le Sud-Ubangi où 300 habitations ont été́ inondées à la suite d’une pluie diluvienne du 22 août 2022 à Zongo et dans le Haut-Katanga où 17 creuseurs artisanaux ont été engloutis à la suite de l’éboulement survenu dans une carrière minière appelée « 03 à Midingi » dans le territoire de Kambove, le 22 août 2022. Concernant la situation sécuritaire, le vice-ministre de la défense nationale et anciens combattants, représentant le ministre en mission, a rappelé que la partie Est du pays est en proie à l’activisme des forces négatives et des groupes armés. Il est revenu sur le conflit qui oppose Yaka et Teke dans la province de Maï-Ndombe, où 18 personnes ont été tuées dont 09 du côté Yaka de Masia y compris le chef de terre et sa femme ; 175 maisons incendiées et 01 arme AK47 d’un élément de la Police nationale Congolaise emportée par les assaillants Teke. Dans la province du Kongo-central : le 20 août 2022 a eu lieu le meurtre par la population, d’un élément du Bataillon quartier général Baki, détaché à la Société́ Perenco suite aux tirs de sommation exécutés par ce dernier pour sauver la vie à un motard. Dans la province du Nord-Kivu : Il a été signalé, à la même date en territoire de Beni, une attaque des combattants Maï-Maï sous commandement de sieur Biadjuma contre une position du 312ème Bataillon réaction rapide. Un assaillant a été capturé. «Par ailleurs, les positions des Forces Armées de la République démocratique du Congo ont été pilonnées par la coalition RDF-Terroristes M23 à Rangira dans le territoire de Rutshuru, le 20 aout 2022, à partir de la colline Shwema.», rapporte le porte parole du gouvernement Patrick Muyaya Katembwe qui a fait le compte rendu sur les antennes de la RTNC. S’agissant du dernier point sur l’examen et adoption de textes, le vice-ministre de la Justice et garde des sceaux a soumis au Conseil le Projet de Loi autorisant la prorogation de l’état de siège dans les provinces de l’Ituri et du Nord-Kivu pour une période de 15 jours prenant cours le 30 août 2022. Il a fait savoir que cette prorogation permettra aux Forces de défense et de sécurité́ de consolider les acquis des Operations antérieures et de poursuivre : d’une part, les actions en vue de mettre fin à l’agression perpétrée par le Rwanda à travers le groupe terroriste M23 et d’autre part, les autres groupes armes tant locaux qu’étrangers opérant dans le grand nord de la province du Nord-Kivu et dans la province de l’Ituri. La rédaction",2022
https://rtnc.cd/kigali-jai-discute-avec-paul-kagame-de-rapports-credibles-selon-lesquels-le-rwanda-continue-a-soutenir-le-groupe-rebelle-m23-en-rdc-antony-blinken/,"Le rapport des experts de l’ONU sur le soutient du Rwanda au M23 continue à préoccuper les États-Unis d’Amérique. Le secrétaire d’Etat américain, Antony Blinken a réitéré cette position à l’issue de son audience avec le président rwandais Paul Kagame ce jeudi 11 août 2022 à Kigali « J’ai discuté avec Paul Kagame de rapports crédibles selon lesquels le Rwanda continue à soutenir le groupe rebelle M23 en RDC » a déclaré à la presse ce diplomate américain. Ce rapport ayant fuité dans la presse accuse le Rwanda de soutenir la rébellion du M23 en guerre, depuis plusieurs mois, contre les FARDC dans le territoire de Rutshuru (Nord-Kivu). La rédaction",2022
https://rtnc.cd/soutien-du-rwanda-au-m23-la-rdc-vient-de-saisir-antonio-guterres-pour-solliciter-lexamen-et-la-publication-du-rapport-des-experts-de-lonu-vpm-lutundula/,"La République Démocratique du Congo vient de déposer officiellement sa correspondance auprès du Secrétaire général de l’Organisation des Nations-Unies (ONU), António Guterres, au sujet du rapport de ses experts qui confirme que le Rwanda a soutenu le M23 pour déstabiliser l’Est du pays. Cette annonce est faite ce mardi 9 août 2022, à Kinshasa par le Vice-premier ministre, ministre des Affaires étrangères, Christophe Lutundula, au cours de la conférence de presse animée conjointement avec Anthony Blinken, à l’occasion de sa visite en RDC. «Nous avons écrit au secrétaire général. La lettre est partie hier (…) Sous l’autorité du chef de l’État, le Gouvernement a mis le cap sur l’examen de ce rapport et sa mise à contribution par tous les intervenants bilatéraux et multilatéraux, afin de lever le voile et certaines zones d’ombres qui ont été créées délibérément et trouver une solution durable. En fait, le rapport c’est le diagnostic qui doit nous permettre de trouver le médicament qu’il faut », a annoncé Christophe Lutundula. Il sied de rappeler qu’un groupe d’experts des Nations-Unies a déclaré qu’il disposait des preuves solides que les troupes rwandaises ont mené des opérations militaires dans l’est de la République démocratique du Congo entre novembre 2021 et juillet de l’année 2022 en cours. Dans un rapport confidentiel consulté par Reuters jeudi dernier, ces mêmes experts ont ajouté que le Rwanda a soutenu l’avancée du groupe rebelle M23 en République démocratique du Congo, précisément dans la province du Nord-Kivu.",2022
https://rtnc.cd/nord-kivu-les-forces-speciales-des-fardc-formees-sur-la-lutte-contre-les-groupes-armes/,"Le Lieutenant Général Fall Sikabwe a présidé, ce Jeudi 17 octobre 2024, la cérémonie de clôture de la formation des forces spéciales des FARDC . Initiée par la mission SAMIDRC de la Communauté de Développement de l’Afrique Australe, (SADEC),cette formation entre dans le cadre des efforts conjoints pour renforcer les capacités des FARDC. Dans un communiqué parvenu à la rédaction de RTNC.CD, le secrétariat de la SADEC a aussi montré que cette formation vise à assurer une interopérabilité optimale entre les forces armées congolaises et celles de la SADC. « Les FARDC reçoivent plusieurs sortes des spécialités dispensées par notre équipe des formateurs, afin d’améliorer leur efficacité et d’assurer une coordination meilleure avec les éléments de la SADEC pendant les opérations d’ensemble », peut-on lire. Et d’ajouter : « Conformément à son mandat, la mission SAMIDRC a intensifié les efforts pour former les FARDC à maintenir et restaurer la paix à l’Est de la RDC « . Dans son mot, le Lieutenant Général Fall Sikabwe a loué la collaboration entre les FARDC et la SAMIDRC qui permet d’améliorer la performance sur terrain et de donner une réponse aux provocations des groupes armés. la SAMIDRC a été déployée à l’est du territoire congolais afin de renforcer les opérations des FARDC dans la traque des rebelles du M23 . Les forces loyalistes formées ont, tout au début de cette cérémonie, fait la démonstration des tactiques nouvellement acquises, une façon de rassurer leur hiérarchie ainsi que d’autres invités présents à cette manifestation .Advertisement. Scroll to continue reading.",2024
https://rtnc.cd/butembo-une-marche-de-soutien-aux-fardc-a-loccasion-de-10-ans-depuis-le-debut-des-massacres/,"Les membres de la synergie des mouvements citoyens, groupes de pression, organisations féminines et d’autres couches sociales de Butembo, sont descendus dans la rue ce mardi 15 octobre 2024, en signe de soutien aux Forces Armées de la RDC. Cela, en mémoire des victimes des massacres perpétrés par les groupes terroristes. Cette marche citoyenne est partie de Furu jusqu’à la position militaire de Rughenda où les manifestants ont lu avant de déposer leur premier mémorandum aux FARDC représentées sur place par le commandant ville second. La manifestation est allée chuter à l’hôtel de ville en passant par le centre ville de Butembo. Devant le Maire de Butembo, le commissaire supérieur principal Roger Mowa Baekitely, Frank Mukenzi porte parole des manifestants, a lu le mémorandum qui contenait trois messages forts. « Le soutien populaire aux efforts des forces armées de la RDC et non la négociation avec l’ennemi, la demande des opérations offensives contre toutes les forces négatives à l’Est du pays surtout les ADF et les M23 et la levée de l’état de siège », peut-on retenir de ce mémorandum. L’autorité urbaine a promis la canalisation de ces requêtes vers les autorités compétentes. « Je vous remercie pour votre attitude pacifique, car on ne peut pas construire ce pays dans la violence. Ce mémorandum est adressé presque à toutes les institutions de la République. Je vais le conduire à qui de droit » , a déclaré aux manifestants, le chef de l’exécutif local Roger Mowa. Tout comme le Maire , le lieutenant Reagene Mbuyi Kalonji porte parole des FARDC front nord en province du Nord-Kivu, a salué ce soutien exprimé aux FARDC. La Police Nationale Congolaise a encadré la manifestation au côté de la brigade spéciale montée par les manifestants afin de parer à tout éventuel dérapage.Les manifestants habillés en tenus de deuil, portaient des banderoles, des calicots sur lesquels on pouvait lire » allez-y les FARDC , Bendele ekweya te, non à la négociation, non à l’état de siège » oui à la traque des M23 et ADF ». Cette marche de soutien aux FARDC, s’inscrivait dans le cadre du dixième anniversaire du début des massacres des civiles à l’arme blanche dans les provinces du Nord-Kivu et ITURI.Advertisement. Scroll to continue reading. Ainsi, toutes les activités ont été paralysées en ville de Butembo. La population n’a pas vaqué à ses occupations habituelles en respect à la ville morte décrétée par les forces vives du grand Nord-Kivu et la notabilité locale, à l’occasion de ce triste anniversaire. Boutiques , magasins , banques, et écoles n’ont pas fonctionné à la normale pour le besoin de la cause.",2024
https://rtnc.cd/situation-securitaire-dans-lest-de-la-rdc-focus-sur-le-tete-a-tete-entre-felix-tshisekedi-et-emmanuel-macron/,"En séjour en France où il doit participer au XIXe sommet de la Francophonie, le Chef de l’État congolais Félix Tshisekedi a été reçu par son homologue français Emmanuel Macron ce vendredi 4 octobre au Palais de l’Élysée Les deux chefs d’État ont passé en revue la question de la situation sécuritaire et humanitaire qui prévaut dans l’Est de la RDC en proie à l’agression rwandaise sous couvert du M23. Ils ont également échangé sur l’évolution du processus de Luanda qui vise, depuis quelques mois, à rétablir un dialogue entre Kinshasa et Kigali. A en croire la presse présidentielle, Félix Tshisekedi et Emmanuel Macron ont aussi parlé des sujets d’intérêt commun pour leurs deux pays notamment, le renforcement de la coopération bilatérale. C’est pour la deuxième fois consécutive en l’espace de 5 mois, que les deux chefs d’Etat se rencontrent et échangent autour du rétablissement de la paix en RDC. En avril dernier, ils avaient pris l’engagement de travailler ensemble pour trouver une solution durable et rétablir la paix dans la partie Est de la RDC. La question d’agression rwandaise sera également abordée au cours des discussions prévues avec des Chefs d’État venus participer au XIXè sommet de la Francophonie qui s’ouvre, ce vendredi, à Villers-Cotterêts au sein de la Cité internationale de la langue française au Nord de Paris.",2024
https://rtnc.cd/massacres-au-kwamouth-l-implication-du-gouvernement-provincial-sollicitee-pour-mettre-fin-a-ces-atrocites/,"Le président de l’Assemblée provinciale de Maï-Ndombe, Lokolo Bothape Boluka a ouvert la session ordinaire de cette chambre le lundi 30 septembre 2024 à Inongo. C’est conformément à la loi portant principes fondamentaux de la libre administration des provinces et le règlement intérieur de l’Assemblée provinciale que cette session a été ouverte. Dans son discours , le Président de cette Assemblée a salué le discours du président de la République Félix Antoine Tshisekedi Tshilombo tenu lors de la 79 eme Assemblée générale des Nations-Unies plus précisément à New York. » C’est une meilleure occasion pour moi de rendre un vibrant hommage a son excellence monsieur le Président de la République Félix Antoine Tshisekedi Tshilombo pour son discours ténu lors de la 79éme Assemblée générale des Nations-Unies où il a dénoncé l’agression de notre pays par le Rwanda sous l’œil des communautés internationales , au mépris de droit internationa;l et l’occupation des quelques localités par son groupe rebelle M23″, a-t-il déclaré. Le Président de l’Assemblée provinciale est par ailleurs revenu une fois de plus sur l’agression de Kwamouth au Maï-Ndombe par le groupe Mobondo. » Nous connaissons toutes les atrocités qui se passent à kwamouth dans notre province. Nous demandons que la justice soit faite. Combien de femmes violées, combien des blessés, combien des morts ? Nous ne pouvons pas vivre cette vie. Une fois de plus que la justice soit faite . Nous connaissons que les teke et les yaka vivent depuis longtemps ensemble. Ils n’ont jamais eu de tels comportements « , a-t-il dénoncé. Avant de clore ce chapitre, Lokolo Bothape a appelé le nouveau gouvernement provincial a mettre fin à tous les comportements inhumains de Kwamouth et espère que dans les prochains jours le gouvernement provincial sera sorti pour enfin avancer d’autres choses au Maï-ndombe. C’est en présence du gouverneur de la province Nkoso Kevani Lebon et son Vice trésor Nfuru Ngoke , les autorités politico-administratives et la population que cette session parlementaire a été ouverte.",2024
https://rtnc.cd/butembo-linspection-de-la-territoriale-initie-des-reflexions-sur-la-paix-et-les-mecanismes-dalertes/,"Les chefs des entités territoriales, les représentants de la société civile et des mouvements citoyens, de la ville de Butembo, se sont retrouvés ce mardi 1er octobre 2024, au tour d’une même table. Au menu, une session de réflexion sur la paix, la stabilisation du pays et les mécanismes d’alertes précoces en appui aux autorités étatiques et leurs partenaires. Une organisation de l’inspection provinciale de la territoriale au grand Nord-Kivu, cette activité s’est tenue dans la grande salle de l’hôtel de ville de Butembo. Dans son allocution, Martin Bwanakawa Inspecteur adjoint de la territoriale au Nord de la province, a souligné l’importance d’instaurer un climat de confiance , de collaboration afin d’un partage d’alertes sur le plan sécuritaire pendant ce moment où le pays est agressé par le Rwanda. « À part aujourd’hui, nous devons continuer à nous réunir pour réfléchir autour de la paix. La société ne doit pas voir l’autorité étatique comme un adversaire et vice versa , donnons échec à l’ennemi « a-t-il martelé. Les bourgmestres des 4 communes qui composent cette ville commerciale, ont passé au peigne fin la situation générale de leurs entités territoriales décentralisées, caractérisée entre autres par un calme relatif, la recrudescence des cas de suicide et les conflits fonciers. Parmi les moments forts de cette rencontre, c’était le partage de l’expérience d’insécurité au sud du territoire de Lubero. Le Bourgmestre de cette municipalité qui est en déplacement, a évoqué la traîtrise de certaines brebis égarées, parmi les facteurs ayant conduit à la chute de son entité , entre les mains des terroristes du M23 soutenus par le Rwanda. D’où son appel à la surveillance communautaire sans faire confiance à personne en matière de sécurité. Clôturant officiellement ce cadre d’échange, le discours du Maire de Butembo, le commissaire superieur principal Roger Mowa Baekitely, a été interpellateur sur l’application stricte des recommandations formulées ce jour, comme contribution de tout le monde aux efforts du pouvoir public de ramener la paix dans cette partie orientale de la RDC. Au nom des participants, le révérend pasteur Mathe Saanane, s’est réjouit de l’organisation de cette activité. » C’est louable le fait de nous stimuler par ces échanges, à conjuguer les efforts pour la paix. chacun des participants doit alors allez agir positivement à son niveau, aux alertes sécuritaires » a-t-il déclaré.Advertisement. Scroll to continue reading.",2024
https://rtnc.cd/tanganyika-les-deputes-provinciaux-attirent-lattention-du-gouvernement-provincial-sur-linsecurite/ ,"La session de Septembre 2024 à l’Assemblée provinciale du Tanganyika a été officiellement ouverte ce jour en présence de plusieurs personnalités dont le Gouverneur de province, Christian Kitungwa Muteba et une assistance variée de personnes. Lors de sa prise de parole, le Président de l’Assemblée provinciale du Tanganyika, Cyrille Kimpu Awel, a « rendu un vibrant hommage au Chef de l’Etat Félix-Antoine Tshisekedi Tshilombo « pour ses efforts énormes dans la recherche active de la paix et de la cohésion nationale afin de faire échec à l’agression de la partie Est du pays par le Rwanda et de ses supplétifs du M23 ». L’occasion faisant le larron, Cyrille Kimpu Awel a « appelé le Gouvernement provincial présenter un budget réaliste dans le délai légal afin de permettre aux députés de l’examiner à fond. Aussi cet appel leur est lancé pour mettre en œuvre toutes les stratégies pour une lutte sans merci contre l’insécurité et les anti-valeurs qui mettent en mal la maximisation des recettes ». La session ordinaire de septembre étant essentiellement budgétaire, l’Assemblée provinciale par le biais de son Président attend du Gouverneur de province l’observance des engagements qu’il a pris pour le bien-être de la population lors de la présentation du programme d’actions de son Gouvernement. Outre l’examen et l’adoption de l’édit budgétaire exercice 2025, la session de septembre se penchera également sur la production législative, le contrôle parlementaire, l’examen des rapports des vacances parlementaires, lesquels mettent en lumière les questions pertinentes auxquelles est confrontée la population. Ismaël Muganza depuis Kalemie",2024
https://rtnc.cd/debut-du-proces-des-crimes-dans-lest-de-la-rdc-sans-arguments-le-rwanda-veut-fuir/,"L’ouverture jeudi du procès de la République démocratique du Congo contre le Rwanda devant la Cour de Justice de l’Afrique de l’Est a poussé l’agresseur, dès l’entame, à multiplier des manœuvres dilatoires sur la forme. La partie rwandaise a soulevé des exceptions pour éviter que le fonds de l’affaire ne soit connu par la Cour en contestant sa compétence à juger les graves accusations portées contre Kigali. Puis, la partie accusée, donc le Rwanda, a argué également que certains faits remontaient à l’époque où la RDC n’était pas encore membre de la Communauté des Etats d’Afrique de l’est (EAC). L’autre dilatoire porte sur le mandat de certains avocats de la RDC qui ne disposeraient pas d’un mandat régulier pour le procès et le plus écœurant porte sur la traduction des documents présentés par la RDC qui dont certains sont en français au lieu de l’anglais, allant jusqu’à exiger la certification des traductions. Des accusations en béton De son côté, l’accusation donc la RDC n’y est pas allée de mains mortes. Elle a accusé le Rwanda d’avoir entretenu l’insécurité dans la partie est de la RDC depuis 1998 avec la rébellion du RCD et toutes ses déclinaisons. Puis le CNDP, le M23 dans toutes ses deux versions. La RDC tient pour responsable, le Rwanda qui fait régulièrement traverser des troupes et des armes pour déstabiliser son voisin. Pendant plus de 25 ans, le Rwanda a organisé et entretenu l’insécurité dans l’Est congolais en vue d’opérer la prédation des ressources naturelles. Pour en apporter la démonstration, de nombreux rapports des Nations-Unies vont servir aussi de preuve.Advertisement. Scroll to continue reading. Imperturbables, les avocats de la RDC, n’ont pas voulu suivre la partie rwandaise sur cette voie pour favoriser l’examen du fond. Ce que le Rwanda ne veut pas entendre. Le juge Johan Massara de la Cour de Justice de l’EAC a décidé d’examiner les préalables soulevés par le Rwanda. Avec ACP",2024
https://rtnc.cd/79e-assemblee-generale-de-lonu-le-senateur-joseph-ngalamulume-se-dit-satisfait-du-discours-du-president-felix-tshisekedi/,"Après le discours du Chef de l’Etat, Félix-Antoine Tshisekedi à la tribune des Nations-Unies lors de la 79e Assemblée générale, plusieurs réactions fusent de partout. La plus récente est celle du Sénateur Joseph Ngalamulume qui lors d’un entretien exclusif à RTNC.CD ce 26 septembre se dit satisfait de « ce discours très courageux ». « Nous avons assisté à un discours très courageux et tres responsable du chef de l’etat Félix Antoine Tshisekedi, qui a encore une fois dénoncé aux nations, la guerre injuste nous imposée par le régime Rwandais et ses supplétifs du M23, une guerre qui fait beaucoup des victimes dans la partie Est de la république démocratique du Congo », s’est-il confié. Faisant partie de la délégation qui accompagné le Chef de l’Etat à New-York, le sénateur a a au sujet de l’agression rwandaise que le garant de bonnes institutions reste déterminé à en finir. » En exigeant une fois de plus des sanctions ciblées contre le Rwanda pour son rôle déstabilisateur et néfaste, le president Tshisekedi a fait montre de sa détermination et son engagement à mettre fin à cette situation qui freine l’élan du développement de notre pays. Nous en tant que membre de la chambre haute du parlement, nous nous allions à cette ferme volonté comme le président Félix du haut de la tribune des Nations-Unies, pour exiger le retrait immédiat et inconditionnel des troupes rwandaises dans la partie Est de notre pays », a-t-il déclaré. Pour cet élu des élus, le discours du chef de l’État à tenu toutes ses promesses et que le peuple congolais doit » le soutenir pour la concrétisation de sa vision pour cette nation au coeur de l’Afrique » . Jean-Marcel Tshimpaka depuis Tshikapa",2024
https://rtnc.cd/agression-rwandaise-les-femmes-deplacees-de-guerre-lance-un-appel-a-laide-humanitaire/,"La situation des femmes déplacées ayant fui la guerre imposée par l’armée Rwandaise sous label des terroristes du M23 reste critique à Goma et ses environs. Depuis le début de l’escalade des violences dans la région du Nord-Kivu, les populations civiles, majoritairement des femmes et des enfants, ont été forcées de fuir leurs villages pour se réfugier dans des camps de fortune autour de la ville de Goma. Ces camps, souvent sous-équipés et surpeuplés, peinent à répondre aux besoins élémentaires des déplacés, laissant beaucoup de familles dans une situation de détresse. Fuyant les violences, ces femmes se retrouvent en errance dans la ville de Goma, en provenance des camps des déplacés où elles peinent à trouver de quoi se nourrir et subvenir à leurs besoins quotidiens. Se confiant à RTNC.CD ce lundi 9 septembre 2024 , ces femmes expriment leur désarroi au regard de leurs conditions de vie précaires dans les camps. Les témoignages recueillis ce lundi révèlent que les difficultés pour ces femmes ne se limitent pas seulement à l’insécurité alimentaire.En effet, elles doivent également faire face à des conditions sanitaires déplorables, un accès limité à l’eau potable, ainsi qu’à une absence de soins médicaux adaptés. « Nous sommes ici depuis plusieurs semaines, sans assez de nourriture ni d’eau potable. Nos enfants tombent malades, et nous n’avons pas de quoi les soigner », déplore l’une des femmes qui s’est confiée à RTNC.CD. Face à cette situation alarmante, ces femmes déplacées lancent un appel pressant aux ONG et organisations humanitaires, les implorant de leur venir en aide. Elles demandent des interventions urgentes pour fournir de la nourriture, de l’eau, des abris, et des services de santé afin d’améliorer leurs conditions de vie dans les camps.Advertisement. Scroll to continue reading. La situation à Goma illustre la gravité de la crise humanitaire qui sévit dans l’est de la République Démocratique du Congo, exacerbée par les combats entre les forces armées congolaises et les terroristes du M23. En attendant une réponse de la communauté internationale et des acteurs humanitaires, ces femmes continuent de lutter pour la survie dans un environnement hostile et incertain. Il est impératif que des actions rapides et coordonnées soient entreprises pour répondre à cet appel à l’aide afin d’alléger la souffrance de ces femmes et de leurs familles, prises au piège dans une crise rendant la situation de plus en plus préoccupante.",2024
https://rtnc.cd/guerre-en-rdc-le-politologue-et-ecrivain-charles-onana-et-son-editeur-poursuivis-a-paris-par-des-associations-proches-du-regime-de-kagame-communique/,"La Fédération Internationale des Ligues de droits de l’Homme (FIDH), l’association Survie-France, la Ligue des droits de l’Homme (LDH), la Communauté Rwandaise de France (CRF), le Collectif des Parties Civiles, ont déposé une plainte, avec constitution de partie civile, contre le politologue et écrivain Charles Onana sous le chef de « négation de crime de génocide des Tutsi ». Le procès aura lieu devant le tribunal correctionnel de Paris les 7, 8, 10 et 11 octobre prochain. La plainte vise le livre retentissant de Charles Onana paru en 2019 aux Éditions de l’Artilleur intitulé « Rwanda, la vérité sur l’opération Turquoise, quand les archives parlent », un ouvrage préfacé par le colonel Luc Marchal, commandant des casques bleus de l’ONU en 1994 au Rwanda. Le colonel Marchal, qui était en 1994 chargé de la sécurité de la ville de Kigali et qui a vécu directement la descente aux enfers du Rwanda, sera à la barre pour soutenir monsieur Onana dont il dit que la méthode novatrice d’analyse « éclaire l’ensemble de la problématique du Rwanda (…) avec la rigueur scientifique qui s’impose ». L’ouvrage de monsieur Onana met en lumière les zones d’ombre du génocide et des massacres survenus au Rwanda et ce qu’il appelle lui-même « l’invasion masquée du Congo-Zaïre » dès 1994 par les rebelles dirigés par Paul Kagame. Selon lui, cette invasion a été minutieusement préparée en poussant massivement les réfugiés rwandais sur le territoire de l’actuelle République Démocratique du Congo (RDC) en vue de piller ses ressources minières. C’est à partir d’une analyse des cartes d’état-majors de la CIA, de l’armée belge et de la direction du renseignement militaire français que monsieur Onana découvre que l’invasion du Congo avait déjà commencé en 1994 pour se poursuivre en 1997 avec la chute du président Mobutu. Ce livre avait provoqué l’éviction du journaliste congolais Jacques Matand de la BBC après une interview avec monsieur Onana. Finalement, le journaliste congolais a gagné son procès contre la chaîne britannique, la justice ayant conclu qu’il n’avait commis aucune faute professionnelle et ayant imposé son dédommagement. Le même livre va à nouveau défrayer la chronique devant la justice française, cette fois pour un motif qui n’a pourtant rien à voir avec le le sujet qu’il traite. L’objectif des plaignants est de tenter d’interdire le livre de Charles Onana et de discréditer l’auteur pour éviter qu’il diffuse ses recherches basées sur de nombreux documents issus du Conseil de sécurité de l’ONU, des archives de la Maison Blanche et du Pentagone mais aussi des archives de l’Élysée, qui prouvent le véritable rôle de Paul Kagame dans la tragédie des Grands Lacs Africains où les morts se comptent désormais par millions, en plus des centaines de milliers de femmes violées et d’enfants traumatisés. Paul Kagame et l’État rwandais avaient déjà déposé une plainte en 2002 devant la 17e chambre à Paris contre Charles Onana pour son livre intitulé « Les secrets du génocide rwandais » co-écrit avec un rescapé Tutsi du génocide, Déo Mushayidi, ancien membre du Front Patriotique Rwandais (FPR) et ami personnel de monsieur Onana, aujourd’hui emprisonné à perpétuité au Rwanda. Paul Kagame et l’État rwandais avaient retiré leur plainte après les offres de preuve produites pour l’audience par monsieur Onana et son avocat. Cet ouvrage avait largement été utilisé par les avocats devant le Tribunal Pénal international pour le Rwanda (TPIR). Respecté pour ses recherches et son travail dans de nombreux pays, monsieur Onana a été officiellement reçu en 2005 par le procureur Carla Del Ponte dans son bureau à La Haye qui lui a fait des révélations sur l’attitude de Paul Kagame au sujet des enquêtes spéciales que son bureau avait conduites contre les Tutsis de l’Armée Patriotique Rwandaise (APR) dirigée en 1994 celui qui règne sur le Rwanda depuis plus de 30 ans. Malgré l’image attractive que ce régime parvient à donner à l’extérieur, un consortium de 50 journalistes issus de 17 médias et de 11 pays différents s’est récemment penché sur les pratiques du pouvoir rwandais. Les révélations de l’enquête Rwanda Classified sont sans équivoque : « intimidations, menaces ou tentatives d’assassinat pour faire taire toutes les voix critiques, que ce soit au Rwanda ou à l’étranger ». A ce stade, les associations qui poursuivent M. Onana et son éditeur oseraient-elles porter plainte contre le régime de M. Kagame pour son action avec le M23 en République Démocratique du Congo, prouvée et bien documentée par les experts de l’ONU, alors qu’elles prétendent défendre les droits de l’Homme ?",2024
https://rtnc.cd/ituri-un-reseau-des-collaborateurs-du-rebelle-corneille-nangaa-dans-le-viseur-de-la-justice-militaire/,"Les services de sécurité ont arrêté, dans le territoire d’Aru, province de l’Ituri, des présumés collaborateurs de Corneille Nangaa, l’ancien président de la CENI qui a rallié les terroristes rwandais du M23 en tant que l’un des fondateurs du mouvement rebelle Alliance du fleuve Congo. Ces personnes sont accusées de travailler de mèche avec ce mouvement rebelle dans l’exécution de la diabolique entreprise de déstabilisation de la République démocratique du Congo. Selon la société civile locale qui nous confirme l’information, cette arrestation est intervenue à la suite d’une mission d’enquête que mène depuis un certain temps l’auditorat militaire supérieur de l’Ituri. À en croire la source, les enquêtes se poursuivent à la frontière entre la RDC, l’Ouganda et le Sud Soudan jusqu’à démanteler complètement ce réseau des personnes qui ne jurent que par la déstabilisation de la RDC. Parmi ces présumés complices de Corneille Nangaa arrêtés, on retrouve en majorité des déclarants de douane et fret de ce coin du pays. Ils sont actuellement en détention provisoire avant l’ouverture du procès. A suivre sur RTNC.CD",2024
